title,year,director,genres
히티드 라이벌리 시즌 1,,,"스포츠, 퀴어"
힘내라! 나카무라 군!!,,,
온화한 귀족의 휴가의 권장,,,"판타지, 이세계전이"
성하체통: 체통 파괴 로맨스,,,"로맨스, 무협"
이세계 유유자적 농가,,쿠라야 료이치,애니메이션
정반대의 너와 나,,나가토모 타카카즈,"러브 코미디, 학원"
무사태평 영주의 즐거운 영지 방어 ~생산계 마법으로 이름 없는 마을을 최강의 성채 도시로~,,,"이세계 전생, 추방"
아름다운 초저녁달,,타케무라 켄타로,로맨스
전생했더니 슬라임이었던 건에 대하여,,키쿠치 야스히토,애니메이션
황천의 츠가이,,,"다크 판타지, 액션"
나는 SOLO,,남규홍,"짝짓기 예능, 로맨스"
첫 번째 남자,,,"범죄, 드라마"
"나는 SOLO, 그 후 사랑은 계속된다",,남규홍,예능
21세기 대군부인,,,"대체역사, 로맨틱 코미디"
이혼숙려캠프,,,전 세계 예능이 다 모였다!
붉은 진주,,,"가족, 스릴러"
무명전설,,김시중,의 영화로
실화탐사대,,이규찬,시사교양
유 퀴즈 온 더 블럭,,,퀴즈
나 혼자 산다,,,관찰 버라이어티
라디오스타,,이준익,"음악, 드라마"
내 새끼의 연애2,,박현석,"연애 예능, 관찰 예능"
놀면 뭐하니?,,,리얼 버라이어티
리버스,,유키사다 이사오,"미스터리, 복수"
신랑수업2,,,
심우면 연리리,,,드라마
아빠하고 나하고,,,예능
기쁜 우리 좋은 날,,,"가족, 로맨스"
스모킹 건,,,"과학, 사건"
베팅 온 팩트,,,"토론, 게임쇼"
SNL KOREA,,,"스케치 코미디, 스탠드업 코미디"
닥터신,,,"서스펜스, 스릴러"
로맨스의 절대값,,,"로맨틱 코미디, 학원"
연애기숙학교 돌싱N모솔,,김재훈,연애 리얼리티 예능
무한도전,,,예능
유포리아,,,"하이틴, 드라마"
투 브로크 걸즈,,프레드 세비지,시트콤
프렌즈,,박철환,시트콤
강호동네서점,,,
왕좌의 게임,,앨런 테일러,"다크 판타지, 전쟁"
허수아비,2026,,"범죄, 스릴러"
구기동 프렌즈,2026,,
하트시그널5,2026,,
선재 업고 튀어,2024,,
유미의 세포들 시즌 3,2026,,
이토록 친밀한 배신자,2024,,
유미의 세포들 시즌 2,2022,,
대한민국에서 건물주 되는 법,2026,,
백월범성,2025,,
골드 디거,2019,,
입청운,2025,,
롱 베케이션,1996,,
LTNS,2023,,
영안여몽,2023,,
앵도호박,2025,,
연애기숙학교 돌싱N모솔,2026,,
도화년,2024,,
창란결,2022,,
운지우,2023,,
춘화염,2024,,
일소수가,2025,,
애니: 널 사랑해,2025,,
유미의 세포들 시즌 1,2021,,
주렴옥막,2024,,
선태유수,2025,,
허아요안,2025,,
